date,event,pair,side,ret,pnl,equity,dd
2021-11-17,open,MARUTI_MM,SHORT_Y,0.0067328429522017785,0.0,400000.0,0.0
2021-11-17,open,RELIANCE_ONGC,LONG_Y,0.044226035263230934,0.0,400000.0,0.0
2021-11-24,close,MARUTI_MM,SHORT_Y,0.0067328429522017785,673.2842952201779,400673.28429522016,0.0
2021-12-02,close,RELIANCE_ONGC,LONG_Y,0.044226035263230934,4422.603526323093,405095.88782154326,0.0
2021-12-24,open,Nifty_FinNifty,LONG_Y,0.019575725415778955,0.0,405095.88782154326,0.0
2022-01-05,open,TCS_INFY,SHORT_Y,-0.0026601351675820673,0.0,405095.88782154326,0.0
2022-01-07,close,Nifty_FinNifty,LONG_Y,0.019575725415778955,1982.5114667639311,407078.3992883072,0.0
2022-01-13,open,Nifty_FinNifty,LONG_Y,0.0035591106107313586,0.0,407078.3992883072,0.0
2022-01-17,open,Nifty_BankNifty,LONG_Y,0.01540702201704039,0.0,407078.3992883072,0.0
2022-01-19,close,TCS_INFY,SHORT_Y,-0.0026601351675820673,-269.4024543592418,406808.99683394795,-0.0006617950125337169
2022-01-21,close,Nifty_FinNifty,LONG_Y,0.0035591106107313586,362.2092625766377,407171.2060965246,0.0
2022-01-20,close,Nifty_BankNifty,LONG_Y,0.01540702201704039,1567.966465124127,408739.1725616487,0.0
2022-01-21,open,TCS_INFY,SHORT_Y,-0.0190317352351565,0.0,408739.1725616487,0.0
2022-01-27,open,Nifty_BankNifty,SHORT_Y,0.0014125187006274742,0.0,408739.1725616487,0.0
2022-02-07,close,TCS_INFY,SHORT_Y,-0.0190317352351565,-1944.7539281075606,406794.41863354115,-0.004757933808789083
2022-02-10,close,Nifty_BankNifty,SHORT_Y,0.0014125187006274742,144.33793123058226,406938.75656477176,-0.004404804133632201
2022-02-14,open,SBI_AXIS,LONG_Y,0.0027917694998635945,0.0,406938.75656477176,-0.004404804133632201
2022-02-24,open,HDFC_KOTAK,LONG_Y,-0.028516101866933236,0.0,406938.75656477176,-0.004404804133632201
2022-02-28,close,SBI_AXIS,LONG_Y,0.0027917694998635945,284.0198022224865,407222.77636699425,-0.00370993605812453
2022-03-02,close,HDFC_KOTAK,LONG_Y,-0.028516101866933236,-2901.076758951044,404321.6996080432,-0.010807559564013247
2022-03-02,open,RELIANCE_BPCL,SHORT_Y,0.03652850462576615,0.0,404321.6996080432,-0.010807559564013247
2022-03-02,open,SBI_AXIS,LONG_Y,0.04650453191867421,0.0,404321.6996080432,-0.010807559564013247
2022-03-03,open,HDFC_KOTAK,LONG_Y,0.04060603968119786,0.0,404321.6996080432,-0.010807559564013247
2022-03-04,close,RELIANCE_BPCL,SHORT_Y,0.03652850462576615,3692.3167686075094,408014.0163766507,-0.0017741294049534728
2022-03-04,open,ICICI_SBI,LONG_Y,-0.021770791703446202,0.0,408014.0163766507,-0.0017741294049534728
2022-03-10,close,SBI_AXIS,LONG_Y,0.04650453191867421,4700.697846208713,412714.7142228594,0.0
2022-03-14,close,HDFC_KOTAK,LONG_Y,0.04060603968119786,4104.47574456339,416819.1899674228,0.0
2022-03-17,open,RELIANCE_BPCL,SHORT_Y,-0.03162516416773892,0.0,416819.1899674228,0.0
2022-03-21,close,ICICI_SBI,LONG_Y,-0.021770791703446202,-2220.6970406556375,414598.49292676715,-0.005327722653146627
2022-03-24,open,Nifty_FinNifty,LONG_Y,0.036038481124671784,0.0,414598.49292676715,-0.005327722653146627
2022-04-01,close,RELIANCE_BPCL,SHORT_Y,-0.03162516416773892,-3295.493827745925,411302.99909902125,-0.01323401369508126
2022-04-04,close,Nifty_FinNifty,LONG_Y,0.036038481124671784,3735.3749904146666,415038.3740894359,-0.004272394171981553
2022-04-04,open,HDFC_KOTAK,SHORT_Y,0.059952540193235315,0.0,415038.3740894359,-0.004272394171981553
2022-04-08,open,MARUTI_MM,LONG_Y,-0.037772077159964834,0.0,415038.3740894359,-0.004272394171981553
2022-04-12,close,HDFC_KOTAK,SHORT_Y,0.059952540193235315,6220.651201082986,421259.0252905189,0.0
2022-04-21,open,SUN_CIPLA,SHORT_Y,0.014723975280203944,0.0,421259.0252905189,0.0
2022-04-26,close,MARUTI_MM,LONG_Y,-0.037772077159964834,-3919.2153726131305,417339.8099179058,-0.009303576035932348
2022-05-05,close,SUN_CIPLA,SHORT_Y,0.014723975280203944,1550.651868735102,418890.46178664087,-0.005622582215881411
2022-05-06,open,SBI_AXIS,SHORT_Y,0.019195126544003377,0.0,418890.46178664087,-0.005622582215881411
2022-05-13,close,SBI_AXIS,SHORT_Y,0.019195126544003377,2010.1638555176455,420900.6256421585,-0.000850782124165117
2022-05-25,open,TCS_INFY,LONG_Y,-0.012715532254907513,0.0,420900.6256421585,-0.000850782124165117
2022-05-26,open,Nifty_BankNifty,SHORT_Y,0.015359093426305925,0.0,420900.6256421585,-0.000850782124165117
2022-05-26,open,Nifty_FinNifty,SHORT_Y,0.014629880347385105,0.0,420900.6256421585,-0.000850782124165117
2022-05-30,close,TCS_INFY,LONG_Y,-0.012715532254907513,-1337.9938703659047,419562.6317717926,-0.004026960651006495
2022-06-03,close,Nifty_BankNifty,SHORT_Y,0.015359093426305925,1616.1630081071319,421178.7947798997,-0.00019045410496276727
2022-06-03,close,Nifty_FinNifty,SHORT_Y,0.014629880347385105,1539.4314478210774,422718.2262277208,0.0
2022-06-08,open,SBI_AXIS,SHORT_Y,0.017429633492492186,0.0,422718.2262277208,0.0
2022-06-10,close,SBI_AXIS,SHORT_Y,0.017429633492492186,1841.9559384363927,424560.1821661572,0.0
2022-06-14,open,TCS_INFY,LONG_Y,0.01675628441005733,0.0,424560.1821661572,0.0
2022-06-23,close,TCS_INFY,LONG_Y,0.01675628441005733,1778.51279039047,426338.69495654764,0.0
2022-06-30,open,SBI_AXIS,SHORT_Y,0.016587079030328133,0.0,426338.69495654764,0.0
2022-07-07,open,Nifty_BankNifty,SHORT_Y,-0.005547183469667594,0.0,426338.69495654764,0.0
2022-07-08,open,TCS_INFY,LONG_Y,-0.014377600935329193,0.0,426338.69495654764,0.0
2022-07-11,close,TCS_INFY,LONG_Y,-0.014377600935329193,-1532.4319048435718,424806.26305170404,-0.0035944002338323955
2022-07-11,open,Nifty_FinNifty,SHORT_Y,-0.0024344945537737583,0.0,424806.26305170404,-0.0035944002338323955
2022-07-14,close,SBI_AXIS,SHORT_Y,0.016587079030328133,1767.9284067328035,426574.19145843684,0.0
2022-07-20,open,SBI_AXIS,SHORT_Y,-0.021200197279962696,0.0,426574.19145843684,0.0
2022-07-21,close,Nifty_BankNifty,SHORT_Y,-0.005547183469667594,-591.244740285654,425982.94671815116,-0.001386030266538718
2022-07-22,open,Nifty_BankNifty,SHORT_Y,0.004323033518883745,0.0,425982.94671815116,-0.001386030266538718
2022-07-25,close,Nifty_FinNifty,SHORT_Y,-0.0024344945537737583,-258.547133452089,425724.3995846991,-0.0019921314761972564
2022-08-03,close,SBI_AXIS,SHORT_Y,-0.021200197279962696,-2260.86425336486,423463.5353313342,-0.007292180796187986
2022-07-29,close,Nifty_BankNifty,SHORT_Y,0.004323033518883745,460.38463928385903,423923.9199706181,-0.006212920380292086
2022-08-08,open,ICICI_SBI,SHORT_Y,-0.01878889877795681,0.0,423923.9199706181,-0.006212920380292086
2022-08-10,close,ICICI_SBI,SHORT_Y,-0.01878889877795681,-1991.2659054706514,421932.65406514745,-0.010880961591746119
2022-08-11,open,ICICI_SBI,SHORT_Y,-0.01108497970505204,0.0,421932.65406514745,-0.010880961591746119
2022-08-17,open,RELIANCE_ONGC,SHORT_Y,0.017779227721242213,0.0,421932.65406514745,-0.010880961591746119
2022-08-26,close,ICICI_SBI,SHORT_Y,-0.01108497970505204,-1169.2787268027255,420763.3753383447,-0.013622052708405108
2022-09-01,close,RELIANCE_ONGC,SHORT_Y,0.017779227721242213,1875.4091849130928,422638.7845232578,-0.009225609551586023
2022-09-14,open,Nifty_BankNifty,SHORT_Y,-0.00831393416762341,0.0,422638.7845232578,-0.009225609551586023
2022-09-15,open,Nifty_FinNifty,SHORT_Y,0.017148171803232803,0.0,422638.7845232578,-0.009225609551586023
2022-09-16,close,Nifty_BankNifty,SHORT_Y,-0.00831393416762341,-878.4477578026853,421760.33676545514,-0.011284917815874818
2022-09-16,open,MARUTI_MM,SHORT_Y,0.020728986560347218,0.0,421760.33676545514,-0.011284917815874818
2022-09-19,open,Nifty_BankNifty,SHORT_Y,0.021432528383082905,0.0,421760.33676545514,-0.011284917815874818
2022-09-29,close,Nifty_FinNifty,SHORT_Y,0.017148171803232803,1811.8706219285784,423572.20738738374,-0.007037425449461621
2022-09-26,close,MARUTI_MM,SHORT_Y,0.020728986560347218,2185.666088124659,425757.8734755084,-0.0019136600368097056
2022-09-29,open,RELIANCE_ONGC,LONG_Y,-0.019794149697075547,0.0,425757.8734755084,-0.0019136600368097056
2022-10-03,close,Nifty_BankNifty,SHORT_Y,0.021432528383082905,2259.8475971460553,428017.7210726545,0.0
2022-10-03,close,RELIANCE_ONGC,LONG_Y,-0.019794149697075547,-2106.878770570691,425910.8423020838,-0.004922410140614342
2022-10-03,open,MARUTI_MM,LONG_Y,0.027858786439243444,0.0,425910.8423020838,-0.004922410140614342
2022-10-04,open,RELIANCE_ONGC,LONG_Y,0.032784150638560855,0.0,425910.8423020838,-0.004922410140614342
2022-10-07,close,MARUTI_MM,LONG_Y,0.027858786439243444,2966.3397994630113,428877.1821015468,0.0
2022-10-11,open,SBI_AXIS,LONG_Y,0.02043744161393618,0.0,428877.1821015468,0.0
2022-10-13,open,SUN_CIPLA,SHORT_Y,0.018302824353365832,0.0,428877.1821015468,0.0
2022-10-17,close,RELIANCE_ONGC,LONG_Y,0.032784150638560855,3490.781303156963,432367.96340470377,0.0
2022-10-17,open,TCS_INFY,LONG_Y,-0.01479911145793078,0.0,432367.96340470377,0.0
2022-10-18,close,SBI_AXIS,LONG_Y,0.02043744161393618,2191.2880921874594,434559.2514968912,0.0
2022-10-18,open,RELIANCE_BPCL,SHORT_Y,0.020339097330677236,0.0,434559.2514968912,0.0
2022-10-28,close,SUN_CIPLA,SHORT_Y,0.018302824353365832,1962.415933292776,436521.66743018397,0.0
2022-10-25,close,RELIANCE_BPCL,SHORT_Y,0.020339097330677236,2209.6357280353795,438731.3031582193,0.0
2022-10-31,open,RELIANCE_BPCL,SHORT_Y,-0.004005821270981813,0.0,438731.3031582193,0.0
2022-11-01,close,TCS_INFY,LONG_Y,-0.01479911145793078,-1599.665420316187,437131.63773790316,-0.003646116447130421
2022-11-02,open,SUN_CIPLA,SHORT_Y,0.001803061903849601,0.0,437131.63773790316,-0.003646116447130421
2022-11-04,open,ICICI_SBI,LONG_Y,0.005572826326497693,0.0,437131.63773790316,-0.003646116447130421
2022-11-15,close,RELIANCE_BPCL,SHORT_Y,-0.004005821270981813,-439.3697966091913,436692.26794129395,-0.004647571764875957
2022-11-15,open,HDFC_KOTAK,SHORT_Y,0.014954804097639468,0.0,436692.26794129395,-0.004647571764875957
2022-11-17,close,SUN_CIPLA,SHORT_Y,0.001803061903849601,197.04385074314945,436889.3117920371,-0.00419844983232931
2022-11-17,close,ICICI_SBI,LONG_Y,0.005572826326497693,609.0146747327098,437498.3264667698,-0.00281032304413642
2022-11-18,open,SUN_CIPLA,SHORT_Y,-0.014453365671916907,0.0,437498.3264667698,-0.00281032304413642
2022-11-29,close,HDFC_KOTAK,SHORT_Y,0.014954804097639468,1632.6618295039839,439130.9882962738,0.0
2022-11-30,open,ICICI_SBI,SHORT_Y,0.023900773185239282,0.0,439130.9882962738,0.0
2022-12-02,close,SUN_CIPLA,SHORT_Y,-0.014453365671916907,-1580.8308233189766,437550.15747295483,-0.003599907238275857
2022-12-02,close,ICICI_SBI,SHORT_Y,0.023900773185239282,2623.8925374698015,440174.05001042463,0.0
2022-12-08,open,HDFC_KOTAK,SHORT_Y,-0.024600777451725037,0.0,440174.05001042463,0.0
2022-12-12,open,Nifty_BankNifty,SHORT_Y,-0.0010581066817141327,0.0,440174.05001042463,0.0
2022-12-13,open,MARUTI_MM,LONG_Y,0.0012675762709714322,0.0,440174.05001042463,0.0
2022-12-22,close,HDFC_KOTAK,SHORT_Y,-0.024600777451725037,-2707.1559610827358,437466.8940493419,-0.006150194362931183
2022-12-23,open,Nifty_FinNifty,SHORT_Y,0.006916491733697738,0.0,437466.8940493419,-0.006150194362931183
2022-12-26,close,Nifty_BankNifty,SHORT_Y,-0.0010581066817141327,-116.43777585830027,437350.4562734836,-0.006414721033359827
2022-12-27,close,MARUTI_MM,LONG_Y,0.0012675762709714322,139.48854522265168,437489.94481870625,-0.006097826965616893
2022-12-29,open,Nifty_BankNifty,SHORT_Y,0.0065600707929119595,0.0,437489.94481870625,-0.006097826965616893
2022-12-30,open,ICICI_SBI,LONG_Y,0.001971558218435282,0.0,437489.94481870625,-0.006097826965616893
2023-01-09,close,Nifty_FinNifty,SHORT_Y,0.006916491733697738,756.4340391146744,438246.37885782094,-0.004379338474310379
2023-01-12,close,Nifty_BankNifty,SHORT_Y,0.0065600707929119595,717.4912522994649,438963.8701101204,-0.002749321320226761
2023-01-13,close,ICICI_SBI,LONG_Y,0.001971558218435282,215.63422404752959,439179.5043341679,-0.0022594373208351115
2023-01-27,open,Nifty_BankNifty,LONG_Y,0.012307936576352763,0.0,439179.5043341679,-0.0022594373208351115
2023-01-27,open,Nifty_FinNifty,LONG_Y,0.0066989400432262425,0.0,439179.5043341679,-0.0022594373208351115
2023-02-01,open,ICICI_SBI,SHORT_Y,0.020585172695868237,0.0,439179.5043341679,-0.0022594373208351115
2023-02-06,close,Nifty_BankNifty,LONG_Y,0.012307936576352763,1351.3483712447455,440530.85270541266,0.0
2023-02-03,close,Nifty_FinNifty,LONG_Y,0.0066989400432262425,735.5092919371026,441266.36199734977,0.0
2023-02-06,close,ICICI_SBI,SHORT_Y,0.020585172695868237,2260.146485301165,443526.5084826509,0.0
2023-02-20,open,Nifty_BankNifty,LONG_Y,0.011722005603112012,0.0,443526.5084826509,0.0
2023-02-27,close,Nifty_BankNifty,LONG_Y,0.011722005603112012,1299.7550543905854,444826.2635370415,0.0
2023-03-03,open,SBI_AXIS,SHORT_Y,0.0331779158367812,0.0,444826.2635370415,0.0
2023-03-15,close,SBI_AXIS,SHORT_Y,0.0331779158367812,3689.6020834054543,448515.865620447,0.0
2023-04-06,open,Nifty_FinNifty,SHORT_Y,-0.015415673866032376,0.0,448515.865620447,0.0
2023-04-06,open,SUN_CIPLA,SHORT_Y,0.03500242779119406,0.0,448515.865620447,0.0
2023-04-17,open,HDFC_KOTAK,LONG_Y,-0.0010194114915292318,0.0,448515.865620447,0.0
2023-04-24,close,Nifty_FinNifty,SHORT_Y,-0.015415673866032376,-1728.5435770365034,446787.32204341044,-0.003853918466508177
2023-04-21,close,SUN_CIPLA,SHORT_Y,0.03500242779119406,3924.786049896148,450712.1080933066,0.0
2023-04-25,open,Nifty_FinNifty,SHORT_Y,0.010199479605385642,0.0,450712.1080933066,0.0
2023-04-28,open,SBI_AXIS,SHORT_Y,0.030861863495319386,0.0,450712.1080933066,0.0
2023-05-02,close,HDFC_KOTAK,LONG_Y,-0.0010194114915292318,-114.3055568866661,450597.80253641994,-0.0002536110187281171
2023-05-02,open,MARUTI_MM,SHORT_Y,-0.02891809961286254,0.0,450597.80253641994,-0.0002536110187281171
2023-05-05,close,Nifty_FinNifty,SHORT_Y,0.010199479605385642,1149.2572385995124,451747.0597750195,0.0
2023-05-05,open,HDFC_KOTAK,LONG_Y,0.018136083001091874,0.0,451747.0597750195,0.0
2023-05-09,close,SBI_AXIS,SHORT_Y,0.030861863495319386,3477.453888915816,455224.5136639353,0.0
2023-05-08,close,MARUTI_MM,SHORT_Y,-0.02891809961286254,-3257.608034771289,451966.905629164,-0.007156047042704228
2023-05-18,close,HDFC_KOTAK,LONG_Y,0.018136083001091874,2048.230542894741,454015.13617205876,-0.0026566616154800604
2023-05-29,open,RELIANCE_ONGC,SHORT_Y,-0.007786496180684721,0.0,454015.13617205876,-0.0026566616154800604
2023-05-31,open,HDFC_KOTAK,LONG_Y,0.052884531625226605,0.0,454015.13617205876,-0.0026566616154800604
2023-06-12,close,RELIANCE_ONGC,SHORT_Y,-0.007786496180684721,-883.7967809441973,453131.33939111454,-0.004598114139270693
2023-06-09,close,HDFC_KOTAK,LONG_Y,0.052884531625226605,6002.594456805701,459133.9338479202,0.0
2023-06-14,open,Nifty_FinNifty,LONG_Y,0.007351688040126536,0.0,459133.9338479202,0.0
2023-06-15,open,Nifty_BankNifty,LONG_Y,0.0024032110922053707,0.0,459133.9338479202,0.0
2023-06-23,close,Nifty_FinNifty,LONG_Y,0.007351688040126536,843.8523625715007,459977.78621049173,0.0
2023-06-30,close,Nifty_BankNifty,LONG_Y,0.0024032110922053707,275.8489406578022,460253.63515114953,0.0
2023-06-30,open,RELIANCE_BPCL,SHORT_Y,0.0348615509689828,0.0,460253.63515114953,0.0
2023-07-05,close,RELIANCE_BPCL,SHORT_Y,0.0348615509689828,4011.2888901203532,464264.9240412699,0.0
2023-07-10,open,RELIANCE_BPCL,SHORT_Y,0.0043936428900319124,0.0,464264.9240412699,0.0
2023-07-12,open,SUN_CIPLA,SHORT_Y,0.01882619500717464,0.0,464264.9240412699,0.0
2023-07-13,open,MARUTI_MM,LONG_Y,0.022654761478413055,0.0,464264.9240412699,0.0
2023-07-21,close,RELIANCE_BPCL,SHORT_Y,0.0043936428900319124,509.9535706512828,464774.87761192117,0.0
2023-07-21,close,MARUTI_MM,LONG_Y,0.022654761478413055,2629.452779237131,467404.3303911583,0.0
2023-07-21,open,Nifty_BankNifty,SHORT_Y,0.006123659517544872,0.0,467404.3303911583,0.0
2023-07-24,open,TCS_INFY,SHORT_Y,0.01191862902087576,0.0,467404.3303911583,0.0
2023-07-25,close,SUN_CIPLA,SHORT_Y,0.01882619500717464,2185.085498748017,469589.4158899063,0.0
2023-07-27,open,SUN_CIPLA,LONG_Y,-0.0431880447598314,0.0,469589.4158899063,0.0
2023-07-28,close,Nifty_BankNifty,SHORT_Y,0.006123659517544872,715.5562440853761,470304.97213399166,0.0
2023-07-28,open,RELIANCE_BPCL,SHORT_Y,-0.029649593102277133,0.0,470304.97213399166,0.0
2023-08-07,close,TCS_INFY,SHORT_Y,0.01191862902087576,1392.7047041707651,471697.6768381624,0.0
2023-08-10,close,SUN_CIPLA,LONG_Y,-0.0431880447598314,-5070.162178049089,466627.5146601133,-0.01074875376116946
2023-08-10,open,MARUTI_MM,LONG_Y,0.0176605475391996,0.0,466627.5146601133,-0.01074875376116946
2023-08-11,close,RELIANCE_BPCL,SHORT_Y,-0.029649593102277133,-3486.0877644376596,463141.42689567566,-0.018139266658763642
2023-08-11,open,Nifty_BankNifty,LONG_Y,0.009734312900736841,0.0,463141.42689567566,-0.018139266658763642
2023-08-11,open,Nifty_FinNifty,LONG_Y,0.006278712654633867,0.0,463141.42689567566,-0.018139266658763642
2023-08-23,close,MARUTI_MM,LONG_Y,0.0176605475391996,2060.224351438372,465201.651247114,-0.01377158699316039
2023-08-28,close,Nifty_BankNifty,LONG_Y,0.009734312900736841,1127.0908916740611,466328.74213878805,-0.011382152092337838
2023-08-28,close,Nifty_FinNifty,LONG_Y,0.006278712654633867,726.9829844837661,467055.7251232718,-0.009840946739458345
2023-08-29,open,RELIANCE_ONGC,LONG_Y,-0.016464051189702122,0.0,467055.7251232718,-0.009840946739458345
2023-08-31,open,TCS_INFY,LONG_Y,0.005930119648461851,0.0,467055.7251232718,-0.009840946739458345
2023-09-12,close,RELIANCE_ONGC,LONG_Y,-0.016464051189702122,-1922.4073417182476,465133.31778155355,-0.01391645407416553
2023-09-07,close,TCS_INFY,LONG_Y,0.005930119648461851,692.424083120028,465825.74186467356,-0.012448513659954918
2023-09-20,open,HDFC_KOTAK,LONG_Y,0.011869629254263964,0.0,465825.74186467356,-0.012448513659954918
2023-09-29,open,SUN_CIPLA,SHORT_Y,0.010481530533887756,0.0,465825.74186467356,-0.012448513659954918
2023-10-03,open,RELIANCE_ONGC,LONG_Y,0.005299727397975962,0.0,465825.74186467356,-0.012448513659954918
2023-10-04,close,HDFC_KOTAK,LONG_Y,0.011869629254263964,1382.2947132565357,467208.0365779301,-0.009518046156866466
2023-10-04,close,SUN_CIPLA,SHORT_Y,0.010481530533887756,1220.641684206373,468428.67826213647,-0.006930283392401648
2023-10-17,close,RELIANCE_ONGC,LONG_Y,0.005299727397975962,617.1873617106721,469045.8656238471,-0.005621844975134627
2023-10-18,open,Nifty_BankNifty,LONG_Y,0.005613805772173103,0.0,469045.8656238471,-0.005621844975134627
2023-10-20,open,HDFC_KOTAK,LONG_Y,0.0024256609262532924,0.0,469045.8656238471,-0.005621844975134627
2023-10-26,close,HDFC_KOTAK,LONG_Y,0.0024256609262532924,284.4365572161046,469330.3021810632,-0.005018838915993751
2023-10-31,open,HDFC_KOTAK,LONG_Y,0.001193431840310566,0.0,469330.3021810632,-0.005018838915993751
2023-11-02,close,Nifty_BankNifty,LONG_Y,0.005613805772173103,658.2830969632706,469988.58527802647,-0.0036232774593933925
2023-11-15,close,HDFC_KOTAK,LONG_Y,0.001193431840310566,140.02843156136507,470128.61370958784,-0.0033264169098566887
2023-11-16,open,HDFC_KOTAK,LONG_Y,0.013595303200108322,0.0,470128.61370958784,-0.0033264169098566887
2023-11-17,open,Nifty_BankNifty,LONG_Y,0.012700117920224852,0.0,470128.61370958784,-0.0033264169098566887
2023-11-17,open,Nifty_FinNifty,LONG_Y,0.01389171777695375,0.0,470128.61370958784,-0.0033264169098566887
2023-11-22,close,HDFC_KOTAK,LONG_Y,0.013595303200108322,1597.8852616071122,471726.49897119496,0.0
2023-11-22,open,SBI_AXIS,LONG_Y,-0.03480352950556681,0.0,471726.49897119496,0.0
2023-12-04,close,Nifty_BankNifty,LONG_Y,0.012700117920224852,1492.672207945901,473219.17117914086,0.0
2023-12-04,close,Nifty_FinNifty,LONG_Y,0.01389171777695375,1632.7235051310258,474851.8946842719,0.0
2023-12-05,close,SBI_AXIS,LONG_Y,-0.03480352950556681,-4104.436781375429,470747.45790289645,-0.00864361462452301
2023-12-05,open,ICICI_SBI,SHORT_Y,0.03159781502917841,0.0,470747.45790289645,-0.00864361462452301
2023-12-15,close,ICICI_SBI,SHORT_Y,0.03159781502917841,3718.6477750679182,474466.10567796434,-0.0008124407012507495
2023-12-15,open,SBI_AXIS,SHORT_Y,-0.007179647737968448,0.0,474466.10567796434,-0.0008124407012507495
2023-12-18,open,RELIANCE_BPCL,SHORT_Y,-0.011891090269746607,0.0,474466.10567796434,-0.0008124407012507495
2023-12-18,open,RELIANCE_ONGC,SHORT_Y,0.003355848036265874,0.0,474466.10567796434,-0.0008124407012507495
2024-01-01,close,SBI_AXIS,SHORT_Y,-0.007179647737968448,-851.6248755933738,473614.480802371,-0.002605894376232043
2024-01-02,close,RELIANCE_BPCL,SHORT_Y,-0.011891090269746607,-1410.4798231379518,472204.00097923307,-0.005576251742239302
2024-01-02,close,RELIANCE_ONGC,SHORT_Y,0.003355848036265874,398.0590372535283,472602.0600164866,-0.004737971340055824
2024-01-09,open,Nifty_BankNifty,LONG_Y,-0.019647852425689116,0.0,472602.0600164866,-0.004737971340055824
2024-01-10,open,RELIANCE_BPCL,SHORT_Y,0.022613959624153968,0.0,472602.0600164866,-0.004737971340055824
2024-01-11,open,RELIANCE_ONGC,SHORT_Y,0.034919679685713356,0.0,472602.0600164866,-0.004737971340055824
2024-01-12,close,RELIANCE_ONGC,SHORT_Y,0.034919679685713356,4125.778138645998,476727.8381551326,0.0
2024-01-12,open,Nifty_FinNifty,LONG_Y,-0.016124374598781493,0.0,476727.8381551326,0.0
2024-01-17,close,Nifty_BankNifty,LONG_Y,-0.019647852425689116,-2321.40388282015,474406.43427231244,-0.004869453170185389
2024-01-17,close,Nifty_FinNifty,LONG_Y,-0.016124374598781493,-1921.7345610201587,472484.6997112923,-0.008900546819880839
2024-01-18,open,HDFC_KOTAK,LONG_Y,-0.032733391161789305,0.0,472484.6997112923,-0.008900546819880839
2024-01-18,open,Nifty_BankNifty,LONG_Y,-0.008976197540515096,0.0,472484.6997112923,-0.008900546819880839
2024-01-23,close,HDFC_KOTAK,LONG_Y,-0.032733391161789305,-3866.506623402572,468618.1930878897,-0.01701105834017591
2024-01-23,open,ICICI_SBI,SHORT_Y,0.055581800018181,0.0,468618.1930878897,-0.01701105834017591
2024-01-25,close,RELIANCE_BPCL,SHORT_Y,0.022613959624153968,2671.8509758762048,471290.0440637659,-0.011406495816166706
2024-01-29,open,RELIANCE_BPCL,SHORT_Y,0.09502221749244383,0.0,471290.0440637659,-0.011406495816166706
2024-02-01,close,ICICI_SBI,SHORT_Y,0.055581800018181,6511.660673273103,477801.704737039,0.0
2024-02-02,close,RELIANCE_BPCL,SHORT_Y,0.09502221749244383,11195.75626726265,488997.4610043016,0.0
2024-02-02,open,SBI_AXIS,SHORT_Y,-0.07950241990701243,0.0,488997.4610043016,0.0
2024-02-05,close,Nifty_BankNifty,LONG_Y,-0.008976197540515096,-1060.2789998698788,487937.1820044317,-0.002168270971575792
2024-02-06,open,Nifty_BankNifty,LONG_Y,0.013885993231693927,0.0,487937.1820044317,-0.002168270971575792
2024-02-06,open,Nifty_FinNifty,LONG_Y,0.007533343035550755,0.0,487937.1820044317,-0.002168270971575792
2024-02-08,close,SBI_AXIS,SHORT_Y,-0.07950241990701243,-9719.120369556731,478218.061634875,-0.022043875948328795
2024-02-08,open,ICICI_SBI,LONG_Y,-0.0227262502267796,0.0,478218.061634875,-0.022043875948328795
2024-02-20,close,Nifty_BankNifty,LONG_Y,0.013885993231693927,1693.8731017013367,479911.93473657634,-0.018579904789414292
2024-02-21,close,Nifty_FinNifty,LONG_Y,0.007533343035550755,918.9495429598367,480830.8842795362,-0.016700652612782307
2024-02-19,close,ICICI_SBI,LONG_Y,-0.0227262502267796,-2717.0258329199196,478113.8584466163,-0.02225697150928474
2024-03-04,open,ICICI_SBI,SHORT_Y,-0.04110443009554163,0.0,478113.8584466163,-0.02225697150928474
2024-03-07,open,TCS_INFY,SHORT_Y,-0.01383529195391242,0.0,478113.8584466163,-0.02225697150928474
2024-03-19,close,ICICI_SBI,SHORT_Y,-0.04110443009554163,-4913.149418057156,473200.7090285591,-0.032304364000784735
2024-03-20,open,MARUTI_MM,SHORT_Y,0.02835296226105849,0.0,473200.7090285591,-0.032304364000784735
2024-03-20,open,SUN_CIPLA,SHORT_Y,-0.011942522431920788,0.0,473200.7090285591,-0.032304364000784735
2024-03-22,close,TCS_INFY,SHORT_Y,-0.01383529195391242,-1653.711204705123,471546.997823854,-0.035686204064552696
2024-03-27,open,RELIANCE_ONGC,SHORT_Y,0.03376640771168543,0.0,471546.997823854,-0.035686204064552696
2024-04-03,close,MARUTI_MM,SHORT_Y,0.02835296226105849,3354.160461248214,474901.15828510217,-0.028826944602633575
2024-04-05,close,SUN_CIPLA,SHORT_Y,-0.011942522431920788,-1412.8025205935971,473488.3557645086,-0.031716126312681614
2024-04-02,close,RELIANCE_ONGC,SHORT_Y,0.03376640771168543,3980.612045935374,477468.96781044395,-0.023575773113791776
2024-04-10,open,SUN_CIPLA,SHORT_Y,0.042268091712495376,0.0,477468.96781044395,-0.023575773113791776
2024-04-24,close,SUN_CIPLA,SHORT_Y,0.042268091712495376,5045.425530320586,482514.39334076457,-0.013257875920709594
2024-04-29,open,Nifty_BankNifty,SHORT_Y,0.009647320637470924,0.0,482514.39334076457,-0.013257875920709594
2024-05-03,open,Nifty_FinNifty,SHORT_Y,0.010654157642168122,0.0,482514.39334076457,-0.013257875920709594
2024-05-14,close,Nifty_BankNifty,SHORT_Y,0.009647320637470924,1163.7427661882803,483678.13610695285,-0.010878021506336544
2024-05-17,close,Nifty_FinNifty,SHORT_Y,0.010654157642168122,1285.1961028169055,484963.33220976975,-0.008249794970809465
2024-05-29,open,ICICI_SBI,LONG_Y,0.03452044090459966,0.0,484963.33220976975,-0.008249794970809465
2024-05-31,open,TCS_INFY,LONG_Y,-0.010799347571772033,0.0,484963.33220976975,-0.008249794970809465
2024-06-03,open,SBI_AXIS,SHORT_Y,0.05125467167308148,0.0,484963.33220976975,-0.008249794970809465
2024-06-05,close,ICICI_SBI,LONG_Y,0.03452044090459966,4185.287012611272,489148.61922238104,0.0
2024-06-04,close,SBI_AXIS,SHORT_Y,0.05125467167308148,6214.159091473823,495362.7783138549,0.0
2024-06-05,open,SBI_AXIS,LONG_Y,0.03672028693302226,0.0,495362.7783138549,0.0
2024-06-14,close,TCS_INFY,LONG_Y,-0.010799347571772033,-1309.3218960245126,494053.45641783037,-0.002643157607604807
2024-06-07,close,SBI_AXIS,LONG_Y,0.03672028693302226,4547.465838905962,498600.9222567363,0.0
2024-06-21,open,SBI_AXIS,LONG_Y,-0.009031655954670925,0.0,498600.9222567363,0.0
2024-06-24,open,ICICI_SBI,SHORT_Y,-0.019308921345961017,0.0,498600.9222567363,0.0
2024-06-25,open,Nifty_BankNifty,SHORT_Y,0.012907070347167482,0.0,498600.9222567363,0.0
2024-06-26,close,ICICI_SBI,SHORT_Y,-0.019308921345961017,-2406.8614977197362,496194.0607590166,-0.00482723033649024
2024-06-27,open,ICICI_SBI,SHORT_Y,-0.00011888294899675689,0.0,496194.0607590166,-0.00482723033649024
2024-07-05,close,SBI_AXIS,LONG_Y,-0.009031655954670925,-1125.7979971261168,495068.2627618905,-0.007085144325157944
2024-06-28,close,Nifty_BankNifty,SHORT_Y,0.012907070347167482,1608.8692946825702,496677.13205657306,-0.003858376738366087
2024-07-11,close,ICICI_SBI,SHORT_Y,-0.00011888294899675689,-14.747253304426964,496662.38480326865,-0.0038879540067707774
2024-07-15,open,TCS_INFY,SHORT_Y,0.03762479037272598,0.0,496662.38480326865,-0.0038879540067707774
2024-07-24,open,Nifty_BankNifty,LONG_Y,-0.013945215635317199,0.0,496662.38480326865,-0.0038879540067707774
2024-07-24,open,Nifty_FinNifty,LONG_Y,-0.008103181616179539,0.0,496662.38480326865,-0.0038879540067707774
2024-07-30,close,TCS_INFY,SHORT_Y,0.03762479037272598,4671.704528560287,501334.08933182893,0.0
2024-08-07,close,Nifty_BankNifty,LONG_Y,-0.013945215635317199,-1731.5160135081173,499602.5733183208,-0.0034538166271834703
2024-08-07,close,Nifty_FinNifty,LONG_Y,-0.008103181616179539,-1006.1363764964336,498596.43694182433,-0.005460734564556202
2024-08-19,open,TCS_INFY,SHORT_Y,0.02720149713553921,0.0,498596.43694182433,-0.005460734564556202
2024-08-28,close,TCS_INFY,SHORT_Y,0.02720149713553921,3390.6423878157725,501987.0793296401,0.0
2024-09-19,open,TCS_INFY,LONG_Y,-0.017146584467815112,0.0,501987.0793296401,0.0
2024-09-26,open,SUN_CIPLA,SHORT_Y,0.014325664753660372,0.0,501987.0793296401,0.0
2024-10-03,open,MARUTI_MM,LONG_Y,0.002153496644876074,0.0,501987.0793296401,0.0
2024-10-04,close,TCS_INFY,LONG_Y,-0.017146584467815112,-2151.84096436937,499835.2383652707,-0.0042866461169537295
2024-10-07,open,TCS_INFY,LONG_Y,-0.0005097324290144756,0.0,499835.2383652707,-0.0042866461169537295
2024-10-09,close,SUN_CIPLA,SHORT_Y,0.014325664753660372,1797.8246522863844,501633.0630175571,-0.0007052299285387198
2024-10-10,close,MARUTI_MM,LONG_Y,0.002153496644876074,270.25687277687985,501903.319890334,-0.00016685576731967355
2024-10-10,open,HDFC_KOTAK,LONG_Y,0.01677339667776201,0.0,501903.319890334,-0.00016685576731967355
2024-10-11,open,SUN_CIPLA,SHORT_Y,-0.03383488360956596,0.0,501903.319890334,-0.00016685576731967355
2024-10-16,close,HDFC_KOTAK,LONG_Y,0.01677339667776201,2104.6558696015627,504007.97575993557,0.0
2024-10-18,open,Nifty_BankNifty,SHORT_Y,-0.010536805804324062,0.0,504007.97575993557,0.0
2024-10-21,close,TCS_INFY,LONG_Y,-0.0005097324290144756,-63.69555753973971,503944.2802023958,-0.000126378074560618
2024-10-21,open,HDFC_KOTAK,SHORT_Y,-0.01875372694642466,0.0,503944.2802023958,-0.000126378074560618
2024-10-25,close,SUN_CIPLA,SHORT_Y,-0.03383488360956596,-4245.460102936051,499698.8200994597,-0.008549776725216618
2024-11-01,close,Nifty_BankNifty,SHORT_Y,-0.010536805804324062,-1327.6585411032277,498371.1615583565,-0.011183978176297682
2024-11-04,close,HDFC_KOTAK,SHORT_Y,-0.01875372694642466,-2362.7083567820623,496008.45320157445,-0.0158718173979282
2024-11-05,open,Nifty_BankNifty,SHORT_Y,0.010174510496910982,0.0,496008.45320157445,-0.0158718173979282
2024-11-13,close,Nifty_BankNifty,SHORT_Y,0.010174510496910982,1261.6608034139997,497270.11400498846,-0.013368561766880505
2024-12-04,open,Nifty_BankNifty,SHORT_Y,0.007639722897527457,0.0,497270.11400498846,-0.013368561766880505
2024-12-18,close,Nifty_BankNifty,SHORT_Y,0.007639722897527457,949.7514690549998,498219.8654740435,-0.011484164069357927
2024-12-26,open,RELIANCE_BPCL,LONG_Y,0.047457151156507726,0.0,498219.8654740435,-0.011484164069357927
2024-12-27,open,ICICI_SBI,SHORT_Y,0.01851565200989605,0.0,498219.8654740435,-0.011484164069357927
2025-01-03,close,ICICI_SBI,SHORT_Y,0.01851565200989605,2306.216413383653,500526.08188742714,-0.006908410263267162
2025-01-03,open,RELIANCE_ONGC,LONG_Y,0.008442897371806313,0.0,500526.08188742714,-0.006908410263267162
2025-01-07,close,RELIANCE_BPCL,LONG_Y,0.047457151156507726,5911.023866244156,506437.1057536713,0.0
2025-01-10,open,Nifty_BankNifty,LONG_Y,0.012211785136557962,0.0,506437.1057536713,0.0
2025-01-17,close,RELIANCE_ONGC,LONG_Y,0.008442897371806313,1056.4725853219675,507493.5783389933,0.0
2025-01-16,close,Nifty_BankNifty,LONG_Y,0.012211785136557962,1546.125280161029,509039.70361915434,0.0
2025-01-21,open,ICICI_SBI,LONG_Y,0.02967144151122808,0.0,509039.70361915434,0.0
2025-01-27,close,ICICI_SBI,LONG_Y,0.02967144151122808,3775.9854482071537,512815.6890673615,0.0
2025-01-28,open,Nifty_FinNifty,SHORT_Y,0.0043694760198164095,0.0,512815.6890673615,0.0
2025-01-31,close,Nifty_FinNifty,SHORT_Y,0.0043694760198164095,560.1839639913661,513375.8730313529,0.0
2025-02-06,open,ICICI_SBI,SHORT_Y,-0.009249596912252717,0.0,513375.8730313529,0.0
2025-02-11,open,Nifty_FinNifty,SHORT_Y,-0.015302526283276718,0.0,513375.8730313529,0.0
2025-02-12,open,Nifty_BankNifty,SHORT_Y,-0.005127999384191867,0.0,513375.8730313529,0.0
2025-02-20,close,ICICI_SBI,SHORT_Y,-0.009249596912252717,-1187.129972503961,512188.7430588489,-0.0023123992280632555
2025-02-25,close,Nifty_FinNifty,SHORT_Y,-0.015302526283276718,-1963.9869475656021,510224.75611128326,-0.006138030798882421
2025-02-27,close,Nifty_BankNifty,SHORT_Y,-0.005127999384191867,-658.1477901909349,509566.6083210923,-0.007420030644930464
2025-02-27,open,Nifty_FinNifty,SHORT_Y,-0.008684116058653157,0.0,509566.6083210923,-0.007420030644930464
2025-02-27,open,SBI_AXIS,LONG_Y,0.030313410115545752,0.0,509566.6083210923,-0.007420030644930464
2025-02-28,open,Nifty_BankNifty,SHORT_Y,0.012131429376302683,0.0,509566.6083210923,-0.007420030644930464
2025-03-07,close,Nifty_BankNifty,SHORT_Y,0.012131429376302683,1545.4428303423556,511112.05115143466,-0.0044096771952895075
2025-03-07,open,RELIANCE_ONGC,SHORT_Y,0.003846357445013271,0.0,511112.05115143466,-0.0044096771952895075
2025-03-13,close,Nifty_FinNifty,SHORT_Y,-0.008684116058653157,-1106.2838915686555,510005.767259866,-0.006564597108133063
2025-03-13,close,SBI_AXIS,LONG_Y,0.030313410115545752,3861.675394806235,513867.44265467225,0.0
2025-03-24,close,RELIANCE_ONGC,SHORT_Y,0.003846357445013271,491.47991079558113,514358.92256546783,0.0
2025-03-24,open,Nifty_BankNifty,SHORT_Y,-0.018265999856525994,0.0,514358.92256546783,0.0
2025-04-08,close,Nifty_BankNifty,SHORT_Y,-0.018265999856525994,-2348.820001445925,512010.1025640219,-0.0045664999641314985
2025-04-15,open,HDFC_KOTAK,SHORT_Y,0.006923617089039158,0.0,512010.1025640219,-0.0045664999641314985
2025-04-21,open,Nifty_BankNifty,SHORT_Y,0.015654004415741857,0.0,512010.1025640219,-0.0045664999641314985
2025-04-28,open,RELIANCE_ONGC,SHORT_Y,-0.031655524885454395,0.0,512010.1025640219,-0.0045664999641314985
2025-04-30,close,HDFC_KOTAK,SHORT_Y,0.006923617089039158,886.2404739682385,512896.3430379901,-0.0028434998661689415
2025-04-29,close,RELIANCE_ONGC,SHORT_Y,-0.031655524885454395,-4051.987135829863,508844.3559021602,-0.010721242349219118
2025-04-30,open,ICICI_SBI,SHORT_Y,0.011879844240975629,0.0,508844.3559021602,-0.010721242349219118
2025-05-05,close,Nifty_BankNifty,SHORT_Y,0.015654004415741857,2003.75210161041,510848.10800377064,-0.006825612247934432
2025-05-05,open,HDFC_KOTAK,SHORT_Y,0.00872512651036672,0.0,510848.10800377064,-0.006825612247934432
2025-05-14,close,ICICI_SBI,SHORT_Y,0.011879844240975629,1511.2479227543079,512359.35592652496,-0.00388749285998502
2025-05-19,close,HDFC_KOTAK,SHORT_Y,0.00872512651036672,1114.3035924785952,513473.6595190036,-0.001721099814986804
2025-05-21,open,HDFC_KOTAK,SHORT_Y,-0.014657379689334171,0.0,513473.6595190036,-0.001721099814986804
2025-05-30,open,SBI_AXIS,SHORT_Y,0.01888526057620743,0.0,513473.6595190036,-0.001721099814986804
2025-06-04,close,HDFC_KOTAK,SHORT_Y,-0.014657379689334171,-1881.5445970104831,511592.1149219931,-0.005379138033952513
2025-06-05,open,TCS_INFY,LONG_Y,-0.019161186023142318,0.0,511592.1149219931,-0.005379138033952513
2025-06-12,close,SBI_AXIS,SHORT_Y,0.01888526057620743,2424.270964758799,514016.38588675193,-0.0006659487445215273
2025-06-19,close,TCS_INFY,LONG_Y,-0.019161186023142318,-2450.677920498278,511565.7079662536,-0.005430477584178917
2025-06-30,open,SBI_AXIS,SHORT_Y,-0.00543288770120251,0.0,511565.7079662536,-0.005430477584178917
2025-07-04,open,RELIANCE_BPCL,LONG_Y,-0.019342387624284585,0.0,511565.7079662536,-0.005430477584178917
2025-07-14,close,SBI_AXIS,SHORT_Y,-0.00543288770120251,-694.8197607917035,510870.8882054619,-0.0067813237157599016
2025-07-18,close,RELIANCE_BPCL,LONG_Y,-0.019342387624284585,-2473.7255546937117,508397.1626507682,-0.011590661021226523
2025-07-21,open,Nifty_FinNifty,SHORT_Y,0.0031846595987548576,0.0,508397.1626507682,-0.011590661021226523
2025-07-21,open,RELIANCE_BPCL,LONG_Y,0.034726356709720074,0.0,508397.1626507682,-0.011590661021226523
2025-07-24,open,HDFC_KOTAK,SHORT_Y,-0.061185441018136,0.0,508397.1626507682,-0.011590661021226523
2025-08-04,close,Nifty_FinNifty,SHORT_Y,0.0031846595987548576,404.76797600387584,508801.93062677205,-0.010803724199007103
2025-08-04,close,RELIANCE_BPCL,LONG_Y,0.034726356709720074,4413.695305105038,513215.6259318771,-0.0022227603788581574
2025-07-28,close,HDFC_KOTAK,SHORT_Y,-0.061185441018136,-7776.626152289068,505438.9997795881,-0.0173418257068233
2025-08-20,open,Nifty_BankNifty,LONG_Y,-0.012386598062511522,0.0,505438.9997795881,-0.0173418257068233
2025-08-22,open,MARUTI_MM,SHORT_Y,-0.06795282889414861,0.0,505438.9997795881,-0.0173418257068233
2025-08-25,open,Nifty_FinNifty,LONG_Y,-0.006856076527875038,0.0,505438.9997795881,-0.0173418257068233
2025-09-04,close,Nifty_BankNifty,LONG_Y,-0.012386598062511522,-1565.1674338469018,503873.83234574116,-0.020384773666276
2025-08-29,close,MARUTI_MM,SHORT_Y,-0.06795282889414861,-8586.50246711299,495287.3298786282,-0.0370783743610712
2025-09-05,open,Nifty_BankNifty,LONG_Y,0.0008657465691295219,0.0,495287.3298786282,-0.0370783743610712
2025-09-09,close,Nifty_FinNifty,LONG_Y,-0.006856076527875038,-866.3321156653676,494420.9977629628,-0.03876266927199512
2025-09-19,close,Nifty_BankNifty,LONG_Y,0.0008657465691295219,107.19832664393601,494528.1960896068,-0.038554257748560694
2025-09-25,open,TCS_INFY,LONG_Y,0.0027763760902239643,0.0,494528.1960896068,-0.038554257748560694
2025-09-26,open,MARUTI_MM,SHORT_Y,0.012251584977662766,0.0,494528.1960896068,-0.038554257748560694
2025-09-29,open,RELIANCE_BPCL,LONG_Y,0.014226885733410022,0.0,494528.1960896068,-0.038554257748560694
2025-10-10,close,TCS_INFY,LONG_Y,0.0027763760902239643,343.2490648911931,494871.445154498,-0.03788692400585214
2025-10-13,close,MARUTI_MM,SHORT_Y,0.012251584977662766,1514.6885545605232,496386.1337090585,-0.03494211545270065
2025-10-14,close,RELIANCE_BPCL,LONG_Y,0.014226885733410022,1758.899034429055,498145.03274348757,-0.03152252077422946
2025-10-29,open,SBI_AXIS,SHORT_Y,-0.0275786535106817,0.0,498145.03274348757,-0.03152252077422946
2025-11-04,close,SBI_AXIS,SHORT_Y,-0.0275786535106817,-3434.5423140249586,494710.49042946263,-0.03819984698234591
2025-11-06,open,SBI_AXIS,SHORT_Y,0.018378124146590902,0.0,494710.49042946263,-0.03819984698234591
2025-11-20,close,SBI_AXIS,SHORT_Y,0.018378124146590902,2272.9627024333836,496983.45313189604,-0.033780826328253744
2025-11-20,open,HDFC_KOTAK,SHORT_Y,0.029779046195424347,0.0,496983.45313189604,-0.033780826328253744
2025-11-26,open,RELIANCE_ONGC,SHORT_Y,-0.00969901781064983,0.0,496983.45313189604,-0.033780826328253744
2025-12-01,open,RELIANCE_BPCL,SHORT_Y,0.032283461245654066,0.0,496983.45313189604,-0.033780826328253744
2025-12-02,close,HDFC_KOTAK,SHORT_Y,0.029779046195424347,3699.9233022940607,500683.3764341901,-0.026587554976334915
2025-12-10,close,RELIANCE_ONGC,SHORT_Y,-0.00969901781064983,-1205.0628408811285,499478.31359330897,-0.028930399219943226
2025-12-15,close,RELIANCE_BPCL,SHORT_Y,0.032283461245654066,4011.086512228725,503489.4001055377,-0.021132174407933357
2025-12-17,open,SBI_AXIS,SHORT_Y,0.023595927264841943,0.0,503489.4001055377,-0.021132174407933357
2025-12-22,open,Nifty_FinNifty,LONG_Y,0.0069691936086629935,0.0,503489.4001055377,-0.021132174407933357
2026-01-01,close,SBI_AXIS,SHORT_Y,0.023595927264841943,2970.0748158772926,506459.474921415,-0.015357850904292203
2026-01-02,close,Nifty_FinNifty,LONG_Y,0.0069691936086629935,877.2287773112695,507336.70369872625,-0.013652371055831725
2026-01-08,open,Nifty_BankNifty,SHORT_Y,-0.008756911775857107,0.0,507336.70369872625,-0.013652371055831725
2026-01-13,open,TCS_INFY,SHORT_Y,0.01770239521798117,0.0,507336.70369872625,-0.013652371055831725
2026-01-14,close,TCS_INFY,SHORT_Y,0.01770239521798117,2245.2687093656655,509581.97240809194,-0.009287192168359604
2026-01-16,open,TCS_INFY,LONG_Y,-0.01070292893688543,0.0,509581.97240809194,-0.009287192168359604
2026-01-19,open,Nifty_FinNifty,SHORT_Y,0.002592015173591894,0.0,509581.97240809194,-0.009287192168359604
2026-01-20,close,TCS_INFY,LONG_Y,-0.01070292893688543,-1363.50490955043,508218.4674985415,-0.011938074363130657
2026-01-21,close,Nifty_FinNifty,SHORT_Y,0.002592015173591894,330.211051167665,508548.6785497092,-0.011296088705487706
2026-01-21,open,TCS_INFY,LONG_Y,0.01312898860210282,0.0,508548.6785497092,-0.011296088705487706
2026-01-23,close,Nifty_BankNifty,SHORT_Y,-0.008756911775857107,-1110.6756887359759,507438.00286097324,-0.013455428497235244
2026-01-28,close,TCS_INFY,LONG_Y,0.01312898860210282,1669.1824510733957,509107.1853120466,-0.01021025790167518
2026-01-29,open,Nifty_FinNifty,SHORT_Y,0.009621624600046647,0.0,509107.1853120466,-0.01021025790167518
2026-02-02,close,Nifty_FinNifty,SHORT_Y,0.009621624600046647,1224.6095545647236,510331.7948666113,-0.007829411568813449
2026-02-03,open,SUN_CIPLA,SHORT_Y,0.00043900918972689107,0.0,510331.7948666113,-0.007829411568813449
2026-02-04,open,Nifty_FinNifty,SHORT_Y,-0.014809692015258225,0.0,510331.7948666113,-0.007829411568813449
2026-02-04,open,TCS_INFY,LONG_Y,0.003087853068513252,0.0,510331.7948666113,-0.007829411568813449
2026-02-17,close,SUN_CIPLA,SHORT_Y,0.00043900918972689107,56.01008693906525,510387.8049535504,-0.007720518567288948
2026-02-12,close,Nifty_FinNifty,SHORT_Y,-0.014809692015258225,-1889.4641768921128,508498.34077665827,-0.011393953777604882
2026-02-18,close,TCS_INFY,LONG_Y,0.003087853068513252,393.9573996846853,508892.29817634297,-0.01062803452861083
2026-03-09,open,TCS_INFY,LONG_Y,-0.009419065733365956,0.0,508892.29817634297,-0.01062803452861083
2026-03-11,open,SBI_AXIS,SHORT_Y,0.0008384390334154335,0.0,508892.29817634297,-0.01062803452861083
2026-03-23,close,TCS_INFY,LONG_Y,-0.009419065733365956,-1198.3225019316606,507693.9756744113,-0.012957774422992063
2026-03-24,open,TCS_INFY,LONG_Y,0.02819533936781704,0.0,507693.9756744113,-0.012957774422992063
2026-03-25,close,SBI_AXIS,SHORT_Y,0.0008384390334154335,106.66879164888289,507800.64446606016,-0.012750392404387467
2026-04-09,close,TCS_INFY,LONG_Y,0.02819533936781704,3578.650984784069,511379.2954508442,-0.00579289477426026
2026-04-24,open,TCS_INFY,SHORT_Y,0.016761927643408114,0.0,511379.2954508442,-0.00579289477426026
2026-04-30,open,HDFC_KOTAK,LONG_Y,0.03726098506937878,0.0,511379.2954508442,-0.00579289477426026
2026-05-04,open,Nifty_BankNifty,LONG_Y,-0.003738994498735687,0.0,511379.2954508442,-0.00579289477426026
2026-05-08,close,TCS_INFY,SHORT_Y,0.016761927643408114,2142.9256871710177,513522.2211380152,-0.0016266878841711963
2026-05-06,close,HDFC_KOTAK,LONG_Y,0.03726098506937878,4763.6240731458365,518285.84521116107,0.0
2026-05-11,open,HDFC_KOTAK,LONG_Y,-0.0004400711356660758,0.0,518285.84521116107,0.0
2026-05-11,open,ICICI_SBI,SHORT_Y,-0.004660794918790512,0.0,518285.84521116107,0.0
2026-05-18,close,Nifty_BankNifty,LONG_Y,-0.003738994498735687,-478.01109311450955,517807.83411804656,-0.0009222923943056349
2026-05-25,close,HDFC_KOTAK,LONG_Y,-0.0004400711356660758,-57.02066012543191,517750.81345792115,-0.00103231017822214
2026-05-25,close,ICICI_SBI,SHORT_Y,-0.004660794918790512,-603.9060084603063,517146.9074494608,-0.0021975089079198096
2026-06-02,open,Nifty_FinNifty,LONG_Y,0.009631181758955165,0.0,517146.9074494608,-0.0021975089079198096
2026-06-03,open,TCS_INFY,LONG_Y,0.01818828963136912,0.0,517146.9074494608,-0.0021975089079198096
2026-06-05,close,Nifty_FinNifty,LONG_Y,0.009631181758955165,1245.1839654318305,518392.09141489264,0.0
2026-06-09,open,Nifty_BankNifty,SHORT_Y,-0.008249971301182935,0.0,518392.09141489264,0.0
2026-06-12,open,Nifty_FinNifty,SHORT_Y,-0.008669509244121076,0.0,518392.09141489264,0.0
2026-06-17,close,TCS_INFY,LONG_Y,0.01818828963136912,2351.5044336644087,520743.5958485571,0.0
2026-06-23,close,Nifty_BankNifty,SHORT_Y,-0.008249971301182935,-1069.179969233266,519674.4158793238,-0.0020531792954477934
2026-06-24,open,Nifty_BankNifty,SHORT_Y,0.009743392883733742,0.0,519674.4158793238,-0.0020531792954477934
2026-06-29,close,Nifty_FinNifty,SHORT_Y,-0.008669509244121076,-1123.5512571501674,518550.8646221736,-0.004210769453266927
2026-06-30,open,Nifty_FinNifty,SHORT_Y,0.006358843861518332,0.0,518550.8646221736,-0.004210769453266927
2026-07-09,close,Nifty_BankNifty,SHORT_Y,0.009743392883733742,1265.8480013842732,519816.7126235579,-0.0017799224654675427
2026-07-14,close,Nifty_FinNifty,SHORT_Y,0.006358843861518332,824.345995596933,520641.05861915485,-0.00019690540646044585
2026-07-24,open,TCS_INFY,SHORT_Y,0.03068797784673921,0.0,520641.05861915485,-0.00019690540646044585
2026-08-07,close,TCS_INFY,SHORT_Y,0.03068797784673921,3994.355318251869,524635.4139374067,0.0
